"Metric","Mean","SD"
"Jaccard Index",0.0895719033754784,0.0282164636228383
"Fisher p-value",2.93909778740812e-06,3.83951809764807e-06
