"","Seed_1","Seed_2","Seed_3","Seed_4","Seed_5","Seed_6","Seed_7","Seed_8","Seed_9","Seed_10"
"Cox",0.525808671713696,0.628773281952473,0.610614192009541,0.55991875423155,0.517555266579974,NA,NA,0.607282184655397,0.477031802120141,0.594865372573576
"RandomForest+Cox",0.507914659325533,0.631984585741811,0.600477042337507,0.55991875423155,0.567620286085826,0.546621621621622,0.589830508474576,0.617685305591678,0.482685512367491,0.624295554164058
"Boruta+Cox",0.506538196834136,0.570327552986512,0.596899224806202,0.580907244414353,0.657347204161248,0.566216216216216,0.597966101694915,0.639791937581274,0.482685512367491,0.584846587351284
