"","Seed_1","Seed_2","Seed_3","Seed_4","Seed_5","Seed_6","Seed_7","Seed_8","Seed_9","Seed_10"
"Cox",0.708019923242006,0.0357383859652818,0.015584024418427,0.476568538245228,0.325046328316414,NA,NA,0.0131040203592924,0.443476829677237,0.382723401869848
"RandomForest+Cox",0.806073883683061,0.152288993813724,0.367906321077277,0.297381154298978,0.674283927879081,0.998007594395015,0.238096511071725,0.0246856907463458,0.873537007291762,0.049355475552373
"Boruta+Cox",0.258760161811969,0.971948106143037,0.11568013019272,0.291211053173486,0.0155026463215726,0.395605371205356,0.0942822352741076,0.162625965083081,0.756366343382557,0.0112172592281468
